{"schemaVersion":"1.0","appDefinitionTemplate":{"id":"/providers/Microsoft.PowerApps/apps/","type":"Microsoft.PowerApps/apps","tags":{"minimumRequiredApiVersion":"2.2.0","primaryDeviceWidth":"1366","primaryDeviceHeight":"768","sienaVersion":"20200229T152039Z-3.20022.19.0","deviceCapabilities":"","supportsPortrait":"false","supportsLandscape":"true","primaryFormFactor":"Tablet","publisherVersion":"3.20022.19","hasComponent":"false","hasUnlockedComponent":"false"},"properties":{"appVersion":"2020-02-29T15:20:39Z","lifeCycleId":"Published","createdByClientVersion":{"major":3,"minor":20022,"build":19,"revision":0,"majorRevision":0,"minorRevision":0},"minClientVersion":{"major":3,"minor":20022,"build":19,"revision":0,"majorRevision":0,"minorRevision":0},"backgroundColor":"rgba(0, 176, 240, 1)","backgroundImageUri":"/13344040527005744267/Ncb6b2e91-4902-4bd3-a82f-9073677e4dc2-logoSmallFile","displayName":"WTW_Generic","description":"","commitMessage":"","appUris":{"documentUri":{"value":"/13344040527005744267/Na1046dcf-b677-4651-8d6b-33666a483325-document.msapp","readonlyValue":"/13344040527005744267/Na1046dcf-b677-4651-8d6b-33666a483325-document.msapp"},"imageUris":[]},"createdTime":"0001-01-01T00:00:00Z","lastModifiedTime":"0001-01-01T00:00:00Z","sharedGroupsCount":0,"sharedUsersCount":0,"icons":{"smallIconUri":"/13344040527005744267/N4ca3a775-00a9-44c4-a56e-c1cd0e2d23a0-small.png","mediumIconUri":"/13344040527005744267/N464efec1-b2de-475d-b377-d402a7b3c8b9-medium.png","largeIconUri":"/13344040527005744267/N6e01eff6-98e6-4a2b-8c31-a0c7ef5d9a52-large.png","wideIconUri":"/13344040527005744267/Nbad28f04-f805-48af-8469-55d355161fae-wide.png"},"connectionReferences":{},"databaseReferences":{},"almMode":"Environment","performanceOptimizationEnabled":false},"isAppComponentLibrary":false,"appComponents":[]}}