{"schemaVersion":"1.0","appDefinitionTemplate":{"id":"/providers/Microsoft.PowerApps/apps/","type":"Microsoft.PowerApps/apps","tags":{"minimumRequiredApiVersion":"2.2.0"},"properties":{"appVersion":"2020-02-08T16:50:49Z","lifeCycleId":"Published","createdByClientVersion":{"major":3,"minor":20013,"build":29,"revision":0,"majorRevision":0,"minorRevision":0},"minClientVersion":{"major":3,"minor":20013,"build":29,"revision":0,"majorRevision":0,"minorRevision":0},"backgroundColor":"rgba(0, 176, 240, 1)","backgroundImageUri":"/13344040527005744267/N6cfd8709-ead3-4716-8646-377fdcfe461d-logoSmallFile","displayName":"WTW_Generic","description":"","commitMessage":"","appUris":{"documentUri":{"value":"/13344040527005744267/Ne9b8b0b9-a72a-4470-ba96-f0f5f7d4f31a-document.msapp","readonlyValue":"/13344040527005744267/Ne9b8b0b9-a72a-4470-ba96-f0f5f7d4f31a-document.msapp"},"imageUris":[]},"createdTime":"0001-01-01T00:00:00Z","lastModifiedTime":"0001-01-01T00:00:00Z","sharedGroupsCount":0,"sharedUsersCount":0,"icons":{"smallIconUri":"/13344040527005744267/N8bafe971-a9e6-419b-8477-644576f6dcaf-small.png","mediumIconUri":"/13344040527005744267/Nba8a5687-6ed2-4b3e-a275-7a146dc2dc39-medium.png","largeIconUri":"/13344040527005744267/N0f88549a-76f1-44c9-a4ee-9b02aa6d417d-large.png","wideIconUri":"/13344040527005744267/N3a0417c0-16f5-4797-a46a-630d3cadb1ef-wide.png"},"connectionReferences":{"61eb674e-c715-4c3f-b751-8b93f33408df":{"id":"a2c70090-31e4-4203-9a35-29e3875cb970","displayName":"Office 365 Outlook","iconUri":"https://connectoricons-prod.azureedge.net/office365/icon_1.0.1304.1878.png","dataSources":["Office365"],"dependencies":[],"dependents":[],"parameterHints":{},"isOnPremiseConnection":false,"bypassConsent":false,"dataSets":{},"apiTier":"Standard","isCustomApiConnection":false}},"databaseReferences":{},"almMode":"Environment","performanceOptimizationEnabled":false},"isAppComponentLibrary":false,"appComponents":[]}}