{"schemaVersion":"1.0","appDefinitionTemplate":{"id":"/providers/Microsoft.PowerApps/apps/","type":"Microsoft.PowerApps/apps","tags":{"minimumRequiredApiVersion":"2.2.0"},"properties":{"appVersion":"2019-09-27T14:36:35Z","lifeCycleId":"Published","createdByClientVersion":{"major":3,"minor":19092,"build":12,"revision":0,"majorRevision":0,"minorRevision":0},"minClientVersion":{"major":3,"minor":19092,"build":12,"revision":0,"majorRevision":0,"minorRevision":0},"backgroundColor":"rgba(0, 176, 240, 1)","backgroundImageUri":"/15718682363456581435/Nf58e3dab-87a0-40ca-94e8-9808622ee692-logoSmallFile","displayName":"WTW_Generic","description":"","commitMessage":"","appUris":{"documentUri":{"value":"/15718682363456581435/Nd33be831-49d4-4498-aad4-67cecbab55c3-document.msapp","readonlyValue":"/15718682363456581435/Nd33be831-49d4-4498-aad4-67cecbab55c3-document.msapp"},"imageUris":[]},"createdTime":"0001-01-01T00:00:00Z","lastModifiedTime":"0001-01-01T00:00:00Z","sharedGroupsCount":0,"sharedUsersCount":0,"icons":{"smallIconUri":"/15718682363456581435/Nf808de20-5cdd-4d67-bee7-789c7208305f-small.png","mediumIconUri":"/15718682363456581435/N5fb492df-2e42-4334-a7ac-d32a701f38e6-medium.png","largeIconUri":"/15718682363456581435/N39e92f45-c199-461e-90e9-16a448619ad1-large.png","wideIconUri":"/15718682363456581435/N922e8e74-663c-4e1a-a4e2-c757302b8fc7-wide.png"},"connectionReferences":{"61eb674e-c715-4c3f-b751-8b93f33408df":{"id":"7963828b-eb23-4b17-9578-094dee30caf9","displayName":"Office 365 Outlook","iconUri":"https://connectoricons-prod.azureedge.net/office365/icon_1.0.1254.1705.png","dataSources":["Office365"],"dependencies":[],"dependents":[],"parameterHints":{},"isOnPremiseConnection":false,"bypassConsent":false,"dataSets":{},"apiTier":"Standard","isCustomApiConnection":false}},"databaseReferences":{},"almMode":"Environment"},"appComponents":[]}}