{"schemaVersion":"1.0","appDefinitionTemplate":{"id":"/providers/Microsoft.PowerApps/apps/","type":"Microsoft.PowerApps/apps","tags":{"primaryDeviceWidth":"640","primaryDeviceHeight":"1136","sienaVersion":"da7838c3-f945-43d1-8a60-5f2b3c9526b5","deviceCapabilities":"","supportsPortrait":"true","supportsLandscape":"false","primaryFormFactor":"Phone","publisherVersion":"3.20053.25","minimumRequiredApiVersion":"2.2.0","hasComponent":"false","hasUnlockedComponent":"false","isUnifiedRootApp":"false"},"properties":{"appVersion":"2020-06-22T21:51:20Z","lifeCycleId":"Published","createdByClientVersion":{"major":3,"minor":20053,"build":25,"revision":0,"majorRevision":0,"minorRevision":0},"minClientVersion":{"major":3,"minor":20053,"build":25,"revision":0,"majorRevision":0,"minorRevision":0},"backgroundColor":"rgba(0, 176, 240, 1)","backgroundImageUri":"/11865574842929237603/N15d81382-52a0-4c04-9219-bd23b2f28388-logoSmallFile","displayName":"Which Tool When Mobile","description":"","commitMessage":"","appUris":{"documentUri":{"value":"/11865574842929237603/N8736e297-49b2-4a5f-9ab1-d88ab61447df-document.msapp","readonlyValue":"/11865574842929237603/N8736e297-49b2-4a5f-9ab1-d88ab61447df-document.msapp"},"imageUris":[]},"createdTime":"0001-01-01T00:00:00Z","lastModifiedTime":"0001-01-01T00:00:00Z","sharedGroupsCount":0,"sharedUsersCount":0,"icons":{"smallIconUri":"/11865574842929237603/N451499d5-a29a-4a64-b7e2-91a741ada882-small.png","mediumIconUri":"/11865574842929237603/N4c026878-2cad-4eee-9663-72b41eb215f3-medium.png","largeIconUri":"/11865574842929237603/Ne7ec8f23-fcf6-4c15-968a-c3cabebdabc8-large.png","wideIconUri":"/11865574842929237603/N8106f9e2-44bd-489f-87b4-7111c434a795-wide.png"},"connectionReferences":{},"databaseReferences":{},"almMode":"Environment","performanceOptimizationEnabled":true,"canConsumeAppPass":true},"isAppComponentLibrary":false,"appType":"ClassicCanvasApp","appComponents":[]}}