{"schemaVersion":"1.0","appDefinitionTemplate":{"id":"/providers/Microsoft.PowerApps/apps/","type":"Microsoft.PowerApps/apps","tags":{"minimumRequiredApiVersion":"2.2.0","primaryDeviceWidth":"1366","primaryDeviceHeight":"768","sienaVersion":"20200730T193655Z-3.20071.23.0","deviceCapabilities":"","supportsPortrait":"false","supportsLandscape":"true","primaryFormFactor":"Tablet","publisherVersion":"3.20071.23","hasComponent":"false","hasUnlockedComponent":"false","isUnifiedRootApp":"false"},"properties":{"appVersion":"2020-07-30T19:36:55Z","lifeCycleId":"Published","createdByClientVersion":{"major":3,"minor":20071,"build":23,"revision":0,"majorRevision":0,"minorRevision":0},"minClientVersion":{"major":3,"minor":20071,"build":23,"revision":0,"majorRevision":0,"minorRevision":0},"backgroundColor":"rgba(1, 60, 96, 1)","backgroundImageUri":"/6610758551819426231/N9c488b97-5d44-473f-9bef-f62cb8c8bd31-logoSmallFile","displayName":"Which Tool When - MOCA","description":"","commitMessage":"","appUris":{"documentUri":{"value":"/6610758551819426231/N94099fb2-fbf1-487a-b2bf-ee55268293fd-document.msapp","readonlyValue":"/6610758551819426231/N94099fb2-fbf1-487a-b2bf-ee55268293fd-document.msapp"},"imageUris":[]},"createdTime":"0001-01-01T00:00:00Z","lastModifiedTime":"0001-01-01T00:00:00Z","sharedGroupsCount":0,"sharedUsersCount":0,"icons":{"smallIconUri":"/6610758551819426231/N889dbe20-66af-450b-886a-66fc36ed42b3-small.png","mediumIconUri":"/6610758551819426231/Nb4d71f96-f0f7-4ed4-8d1c-ddb4f5e79da4-medium.png","largeIconUri":"/6610758551819426231/N8f2d9212-a150-41e3-af5b-df3aa99ceb1b-large.png","wideIconUri":"/6610758551819426231/Ne09e3793-31ea-469f-814b-ff9fa8a8c2bd-wide.png"},"connectionReferences":{},"databaseReferences":{},"almMode":"Environment","performanceOptimizationEnabled":true,"canConsumeAppPass":true},"isAppComponentLibrary":false,"appType":"ClassicCanvasApp","appComponents":[]}}