{"schemaVersion":"1.0","appDefinitionTemplate":{"id":"/providers/Microsoft.PowerApps/apps/","type":"Microsoft.PowerApps/apps","tags":{"minimumRequiredApiVersion":"2.2.0","primaryDeviceWidth":"1366","primaryDeviceHeight":"768","sienaVersion":"20200731T023659Z-3.20071.23.0","deviceCapabilities":"","supportsPortrait":"false","supportsLandscape":"true","primaryFormFactor":"Tablet","publisherVersion":"3.20071.23","hasComponent":"false","hasUnlockedComponent":"false","isUnifiedRootApp":"false"},"properties":{"appVersion":"2020-07-31T02:36:59Z","lifeCycleId":"Published","createdByClientVersion":{"major":3,"minor":20071,"build":23,"revision":0,"majorRevision":0,"minorRevision":0},"minClientVersion":{"major":3,"minor":20071,"build":23,"revision":0,"majorRevision":0,"minorRevision":0},"backgroundColor":"rgba(1, 60, 96, 1)","backgroundImageUri":"/6610758551819426231/Nde865553-7445-4c93-ac8d-dff07248c2cd-logoSmallFile","displayName":"Which Tool When - MOCA","description":"","commitMessage":"","appUris":{"documentUri":{"value":"/6610758551819426231/N5b3a5fc8-b937-4960-9363-85bbf59c1bbb-document.msapp","readonlyValue":"/6610758551819426231/N5b3a5fc8-b937-4960-9363-85bbf59c1bbb-document.msapp"},"imageUris":[]},"createdTime":"0001-01-01T00:00:00Z","lastModifiedTime":"0001-01-01T00:00:00Z","sharedGroupsCount":0,"sharedUsersCount":0,"icons":{"smallIconUri":"/6610758551819426231/Nb76e9c38-aa74-435b-bb5f-3b49c9796597-small.png","mediumIconUri":"/6610758551819426231/Nf884db8d-69ae-4fa2-89a1-2b087593aa19-medium.png","largeIconUri":"/6610758551819426231/Nfc26da4d-b297-46b5-a088-e26f95c90adb-large.png","wideIconUri":"/6610758551819426231/Nb7ae4446-1337-4de3-9f3a-815356968ba7-wide.png"},"connectionReferences":{},"databaseReferences":{},"almMode":"Environment","performanceOptimizationEnabled":true,"canConsumeAppPass":true},"isAppComponentLibrary":false,"appType":"ClassicCanvasApp","appComponents":[]}}