{"schemaVersion":"1.0","appDefinitionTemplate":{"id":"/providers/Microsoft.PowerApps/apps/","type":"Microsoft.PowerApps/apps","tags":{"minimumRequiredApiVersion":"2.2.0","primaryDeviceWidth":"1366","primaryDeviceHeight":"768","sienaVersion":"20200730T170842Z-3.20071.23.0","deviceCapabilities":"","supportsPortrait":"false","supportsLandscape":"true","primaryFormFactor":"Tablet","publisherVersion":"3.20071.23","hasComponent":"false","hasUnlockedComponent":"false","isUnifiedRootApp":"false"},"properties":{"appVersion":"2020-07-30T17:08:42Z","lifeCycleId":"Published","createdByClientVersion":{"major":3,"minor":20071,"build":23,"revision":0,"majorRevision":0,"minorRevision":0},"minClientVersion":{"major":3,"minor":20071,"build":23,"revision":0,"majorRevision":0,"minorRevision":0},"backgroundColor":"rgba(1, 60, 96, 1)","backgroundImageUri":"/6610758551819426231/Na854a9a8-bd3d-42fb-8203-935ea8f7bfc2-logoSmallFile","displayName":"Which Tool When - MOCA","description":"","commitMessage":"","appUris":{"documentUri":{"value":"/6610758551819426231/Na3792916-e811-428f-923b-4a6e47586165-document.msapp","readonlyValue":"/6610758551819426231/Na3792916-e811-428f-923b-4a6e47586165-document.msapp"},"imageUris":[]},"createdTime":"0001-01-01T00:00:00Z","lastModifiedTime":"0001-01-01T00:00:00Z","sharedGroupsCount":0,"sharedUsersCount":0,"icons":{"smallIconUri":"/6610758551819426231/Nb78bf1b8-ed43-4e9d-a9aa-6bf51233d569-small.png","mediumIconUri":"/6610758551819426231/N8b6821ba-164d-446a-b891-359b99c2785a-medium.png","largeIconUri":"/6610758551819426231/N87ed9a80-308c-43b9-9eb4-938504550463-large.png","wideIconUri":"/6610758551819426231/N3d8f6897-be53-42a9-8172-96c1eabc5653-wide.png"},"connectionReferences":{},"databaseReferences":{},"almMode":"Environment","performanceOptimizationEnabled":true,"canConsumeAppPass":true},"isAppComponentLibrary":false,"appType":"ClassicCanvasApp","appComponents":[]}}