{"schemaVersion":"1.0","appDefinitionTemplate":{"id":"/providers/Microsoft.PowerApps/apps/","type":"Microsoft.PowerApps/apps","tags":{"minimumRequiredApiVersion":"2.2.0","primaryDeviceWidth":"1366","primaryDeviceHeight":"768","sienaVersion":"20200728T193529Z-3.20071.23.0","deviceCapabilities":"","supportsPortrait":"false","supportsLandscape":"true","primaryFormFactor":"Tablet","publisherVersion":"3.20071.23","hasComponent":"false","hasUnlockedComponent":"false","isUnifiedRootApp":"false"},"properties":{"appVersion":"2020-07-28T19:35:29Z","lifeCycleId":"Published","createdByClientVersion":{"major":3,"minor":20071,"build":23,"revision":0,"majorRevision":0,"minorRevision":0},"minClientVersion":{"major":3,"minor":20071,"build":23,"revision":0,"majorRevision":0,"minorRevision":0},"backgroundColor":"rgba(0, 176, 240, 1)","backgroundImageUri":"/6610758551819426231/N5e2e1340-5db9-4ad5-a334-ea3f51504f1c-logoSmallFile","displayName":"Which Tool When - MOCA","description":"","commitMessage":"","appUris":{"documentUri":{"value":"/6610758551819426231/N53696bb9-324e-4c94-b30a-4b456e7aea55-document.msapp","readonlyValue":"/6610758551819426231/N53696bb9-324e-4c94-b30a-4b456e7aea55-document.msapp"},"imageUris":[]},"createdTime":"0001-01-01T00:00:00Z","lastModifiedTime":"0001-01-01T00:00:00Z","sharedGroupsCount":0,"sharedUsersCount":0,"icons":{"smallIconUri":"/6610758551819426231/N6d487771-722f-4805-871f-e79bb4ac6407-small.png","mediumIconUri":"/6610758551819426231/N5f6ddfb6-7849-49dc-95d1-db8bdc552a51-medium.png","largeIconUri":"/6610758551819426231/N48eb1e79-7e29-4b81-aad5-f96ea4cff445-large.png","wideIconUri":"/6610758551819426231/N05cf3351-b389-42ca-b7d2-2a6375c45a0e-wide.png"},"connectionReferences":{},"databaseReferences":{},"almMode":"Environment","performanceOptimizationEnabled":true,"canConsumeAppPass":true},"isAppComponentLibrary":false,"appType":"ClassicCanvasApp","appComponents":[]}}