{"schemaVersion":"1.0","appDefinitionTemplate":{"id":"/providers/Microsoft.PowerApps/apps/","type":"Microsoft.PowerApps/apps","tags":{"minimumRequiredApiVersion":"2.2.0","primaryDeviceWidth":"1366","primaryDeviceHeight":"768","sienaVersion":"20200612T195232Z-3.20054.18.0","deviceCapabilities":"","supportsPortrait":"false","supportsLandscape":"true","primaryFormFactor":"Tablet","publisherVersion":"3.20054.18","hasComponent":"false","hasUnlockedComponent":"false","isUnifiedRootApp":"false"},"properties":{"appVersion":"2020-06-12T19:52:32Z","lifeCycleId":"Published","createdByClientVersion":{"major":3,"minor":20054,"build":18,"revision":0,"majorRevision":0,"minorRevision":0},"minClientVersion":{"major":3,"minor":20054,"build":18,"revision":0,"majorRevision":0,"minorRevision":0},"backgroundColor":"rgba(0, 176, 240, 1)","backgroundImageUri":"/13287995128880122581/Nf0a01938-4ba2-4a25-821b-a10a7244508f-logoSmallFile","displayName":"Which Tool When","description":"","commitMessage":"","appUris":{"documentUri":{"value":"/13287995128880122581/N4d8dee97-2f9b-4c2b-af03-a0454722549d-document.msapp","readonlyValue":"/13287995128880122581/N4d8dee97-2f9b-4c2b-af03-a0454722549d-document.msapp"},"imageUris":[]},"createdTime":"0001-01-01T00:00:00Z","lastModifiedTime":"0001-01-01T00:00:00Z","sharedGroupsCount":0,"sharedUsersCount":0,"icons":{"smallIconUri":"/13287995128880122581/N433ff08e-2201-4472-8e50-8957c9167aa8-small.png","mediumIconUri":"/13287995128880122581/N66b69b1a-8efe-46f9-8bbe-98068644f2b8-medium.png","largeIconUri":"/13287995128880122581/N9d3344a3-edfa-4720-b606-a31176de97da-large.png","wideIconUri":"/13287995128880122581/N31c6aa00-56a0-435e-866b-9be6ea4553cd-wide.png"},"connectionReferences":{},"databaseReferences":{},"almMode":"Environment","performanceOptimizationEnabled":false},"isAppComponentLibrary":false,"appType":"ClassicCanvasApp","appComponents":[]}}