{"schemaVersion":"1.0","appDefinitionTemplate":{"id":"/providers/Microsoft.PowerApps/apps/","type":"Microsoft.PowerApps/apps","tags":{"minimumRequiredApiVersion":"2.2.0"},"properties":{"appVersion":"2019-09-30T19:11:39Z","lifeCycleId":"Published","createdByClientVersion":{"major":3,"minor":19093,"build":16,"revision":0,"majorRevision":0,"minorRevision":0},"minClientVersion":{"major":3,"minor":19093,"build":16,"revision":0,"majorRevision":0,"minorRevision":0},"backgroundColor":"rgba(0, 176, 240, 1)","backgroundImageUri":"/15718682363456581435/N21a9459b-0b1f-477e-92a1-3f786fb62608-logoSmallFile","displayName":"WTW_Generic","description":"","commitMessage":"","appUris":{"documentUri":{"value":"/15718682363456581435/Na7db6802-34c0-4e27-ac24-e85b94caa5d0-document.msapp","readonlyValue":"/15718682363456581435/Na7db6802-34c0-4e27-ac24-e85b94caa5d0-document.msapp"},"imageUris":[]},"createdTime":"0001-01-01T00:00:00Z","lastModifiedTime":"0001-01-01T00:00:00Z","sharedGroupsCount":0,"sharedUsersCount":0,"icons":{"smallIconUri":"/15718682363456581435/N9c771a3e-bd22-4b8c-a466-04fa3b730ca9-small.png","mediumIconUri":"/15718682363456581435/N3936f903-5b07-4bee-9e0a-66a5e76b0fa3-medium.png","largeIconUri":"/15718682363456581435/N43b504aa-9766-4c9a-b2be-3e813c0e9a60-large.png","wideIconUri":"/15718682363456581435/N25aa270f-6106-47d6-a16a-78e42d616781-wide.png"},"connectionReferences":{"61eb674e-c715-4c3f-b751-8b93f33408df":{"id":"7963828b-eb23-4b17-9578-094dee30caf9","displayName":"Office 365 Outlook","iconUri":"https://connectoricons-prod.azureedge.net/office365/icon_1.0.1254.1705.png","dataSources":["Office365"],"dependencies":[],"dependents":[],"parameterHints":{},"isOnPremiseConnection":false,"bypassConsent":false,"dataSets":{},"apiTier":"Standard","isCustomApiConnection":false}},"databaseReferences":{},"almMode":"Environment"},"appComponents":[]}}