{"schemaVersion":"1.0","appDefinitionTemplate":{"id":"/providers/Microsoft.PowerApps/apps/","type":"Microsoft.PowerApps/apps","tags":{"minimumRequiredApiVersion":"2.2.0","primaryDeviceWidth":"1366","primaryDeviceHeight":"768","sienaVersion":"20200612T191008Z-3.20054.18.0","deviceCapabilities":"","supportsPortrait":"false","supportsLandscape":"true","primaryFormFactor":"Tablet","publisherVersion":"3.20054.18","hasComponent":"false","hasUnlockedComponent":"false","isUnifiedRootApp":"false"},"properties":{"appVersion":"2020-06-12T19:10:08Z","lifeCycleId":"Published","createdByClientVersion":{"major":3,"minor":20054,"build":18,"revision":0,"majorRevision":0,"minorRevision":0},"minClientVersion":{"major":3,"minor":20054,"build":18,"revision":0,"majorRevision":0,"minorRevision":0},"backgroundColor":"rgba(0, 176, 240, 1)","backgroundImageUri":"/13516528739732406551/N4c0e33be-603e-401e-b16b-b1e4ff6c7782-logoSmallFile","displayName":"Which Tool When - MOCA","description":"","commitMessage":"","appUris":{"documentUri":{"value":"/13516528739732406551/N06ebbfd1-f263-4463-a208-ba42d63ecd10-document.msapp","readonlyValue":"/13516528739732406551/N06ebbfd1-f263-4463-a208-ba42d63ecd10-document.msapp"},"imageUris":[]},"createdTime":"0001-01-01T00:00:00Z","lastModifiedTime":"0001-01-01T00:00:00Z","sharedGroupsCount":0,"sharedUsersCount":0,"icons":{"smallIconUri":"/13516528739732406551/Nc7ba459f-0fd5-4505-b478-36f89abe3c80-small.png","mediumIconUri":"/13516528739732406551/N6064aa6b-f4fe-4590-8e3c-d58394cfc2f9-medium.png","largeIconUri":"/13516528739732406551/N2e37c5d8-84fb-450a-80a9-929c625a5b01-large.png","wideIconUri":"/13516528739732406551/Nbb94b9a8-d5d6-4658-818d-94892bcc11a8-wide.png"},"connectionReferences":{},"databaseReferences":{},"almMode":"Environment","performanceOptimizationEnabled":true,"canConsumeAppPass":true},"isAppComponentLibrary":false,"appType":"ClassicCanvasApp","appComponents":[]}}