{"schemaVersion":"1.0","appDefinitionTemplate":{"id":"/providers/Microsoft.PowerApps/apps/","type":"Microsoft.PowerApps/apps","tags":{"minimumRequiredApiVersion":"2.2.0","primaryDeviceWidth":"1366","primaryDeviceHeight":"768","sienaVersion":"20200915T204936Z-3.20084.14.0","deviceCapabilities":"","supportsPortrait":"false","supportsLandscape":"true","primaryFormFactor":"Tablet","publisherVersion":"3.20084.14","hasComponent":"false","hasUnlockedComponent":"false","isUnifiedRootApp":"false"},"properties":{"appVersion":"2020-09-15T20:49:36Z","lifeCycleId":"Published","createdByClientVersion":{"major":3,"minor":20084,"build":14,"revision":0,"majorRevision":0,"minorRevision":0},"minClientVersion":{"major":3,"minor":20084,"build":14,"revision":0,"majorRevision":0,"minorRevision":0},"backgroundColor":"rgba(1, 60, 96, 1)","backgroundImageUri":"/16574033848517711114/N5c088fe4-1f8b-40d4-b4c4-5df112cd5fa7-logoSmallFile","displayName":"Which Tool When - MOCA","description":"","commitMessage":"","appUris":{"documentUri":{"value":"/16574033848517711114/N82ed0807-0887-4c5e-a599-04787519ed40-document.msapp","readonlyValue":"/16574033848517711114/N82ed0807-0887-4c5e-a599-04787519ed40-document.msapp"},"imageUris":[]},"createdTime":"0001-01-01T00:00:00Z","lastModifiedTime":"0001-01-01T00:00:00Z","sharedGroupsCount":0,"sharedUsersCount":0,"icons":{"smallIconUri":"/16574033848517711114/N65850007-bce6-44b1-ad94-bd9d9db64574-small.png","mediumIconUri":"/16574033848517711114/Ncd4e1217-11c2-414e-997e-8bd0559c1af4-medium.png","largeIconUri":"/16574033848517711114/Ndfc9c14f-36bf-4540-a817-b9b0c4163536-large.png","wideIconUri":"/16574033848517711114/N41b81bcc-d622-4505-9b08-7e3c95cf566a-wide.png"},"connectionReferences":{},"databaseReferences":{},"almMode":"Environment","performanceOptimizationEnabled":true,"canConsumeAppPass":true},"isAppComponentLibrary":false,"appType":"ClassicCanvasApp","appComponents":[]}}