{"schemaVersion":"1.0","appDefinitionTemplate":{"id":"/providers/Microsoft.PowerApps/apps/","type":"Microsoft.PowerApps/apps","tags":{"minimumRequiredApiVersion":"2.2.0","primaryDeviceWidth":"1366","primaryDeviceHeight":"768","sienaVersion":"20200805T161147Z-3.20072.20.0","deviceCapabilities":"","supportsPortrait":"false","supportsLandscape":"true","primaryFormFactor":"Tablet","publisherVersion":"3.20072.20","hasComponent":"false","hasUnlockedComponent":"false","isUnifiedRootApp":"false"},"properties":{"appVersion":"2020-08-05T16:11:47Z","lifeCycleId":"Published","createdByClientVersion":{"major":3,"minor":20072,"build":20,"revision":0,"majorRevision":0,"minorRevision":0},"minClientVersion":{"major":3,"minor":20072,"build":20,"revision":0,"majorRevision":0,"minorRevision":0},"backgroundColor":"rgba(1, 60, 96, 1)","backgroundImageUri":"/16574033848517711114/Ndb0f6aeb-fa62-46d2-974c-e0bc3399cce2-logoSmallFile","displayName":"Which Tool When - MOCA","description":"","commitMessage":"","appUris":{"documentUri":{"value":"/16574033848517711114/N331ec477-82d5-47d3-a933-bb9f11e44c15-document.msapp","readonlyValue":"/16574033848517711114/N331ec477-82d5-47d3-a933-bb9f11e44c15-document.msapp"},"imageUris":[]},"createdTime":"0001-01-01T00:00:00Z","lastModifiedTime":"0001-01-01T00:00:00Z","sharedGroupsCount":0,"sharedUsersCount":0,"icons":{"smallIconUri":"/16574033848517711114/N704fc4c2-ad7a-4bd8-857a-14d4cdb8b98c-small.png","mediumIconUri":"/16574033848517711114/N1bf2610a-46ee-4dae-a3d1-ba502c62a5d3-medium.png","largeIconUri":"/16574033848517711114/N600cafcc-4210-4434-a86b-110b162d5800-large.png","wideIconUri":"/16574033848517711114/Ne9a5bbcd-4425-4cf8-83f4-30d5aea03bf9-wide.png"},"connectionReferences":{},"databaseReferences":{},"almMode":"Environment","performanceOptimizationEnabled":true,"canConsumeAppPass":true},"isAppComponentLibrary":false,"appType":"ClassicCanvasApp","appComponents":[]}}