{"schemaVersion":"1.0","appDefinitionTemplate":{"id":"/providers/Microsoft.PowerApps/apps/","type":"Microsoft.PowerApps/apps","tags":{"minimumRequiredApiVersion":"2.2.0","primaryDeviceWidth":"1366","primaryDeviceHeight":"768","sienaVersion":"20200805T180717Z-3.20072.20.0","deviceCapabilities":"","supportsPortrait":"false","supportsLandscape":"true","primaryFormFactor":"Tablet","publisherVersion":"3.20072.20","hasComponent":"false","hasUnlockedComponent":"false","isUnifiedRootApp":"false"},"properties":{"appVersion":"2020-08-05T18:07:17Z","lifeCycleId":"Published","createdByClientVersion":{"major":3,"minor":20072,"build":20,"revision":0,"majorRevision":0,"minorRevision":0},"minClientVersion":{"major":3,"minor":20072,"build":20,"revision":0,"majorRevision":0,"minorRevision":0},"backgroundColor":"rgba(1, 60, 96, 1)","backgroundImageUri":"/16574033848517711114/N9b48ad3d-33bf-479b-b552-bf07da4861d4-logoSmallFile","displayName":"Which Tool When - MOCA","description":"","commitMessage":"","appUris":{"documentUri":{"value":"/16574033848517711114/N319f2803-4f0d-4904-a37e-8bd8b395a55c-document.msapp","readonlyValue":"/16574033848517711114/N319f2803-4f0d-4904-a37e-8bd8b395a55c-document.msapp"},"imageUris":[]},"createdTime":"0001-01-01T00:00:00Z","lastModifiedTime":"0001-01-01T00:00:00Z","sharedGroupsCount":0,"sharedUsersCount":0,"icons":{"smallIconUri":"/16574033848517711114/N941dbe96-d551-4354-b258-6e0154a6ece0-small.png","mediumIconUri":"/16574033848517711114/N7d66531a-9dea-4fa4-92fb-0648786d8752-medium.png","largeIconUri":"/16574033848517711114/Nc7c7b111-7420-4ccc-8e77-fe8e37d7de4f-large.png","wideIconUri":"/16574033848517711114/N7043a0d4-5742-4c1c-9f84-77a4da42dc43-wide.png"},"connectionReferences":{},"databaseReferences":{},"almMode":"Environment","performanceOptimizationEnabled":true,"canConsumeAppPass":true},"isAppComponentLibrary":false,"appType":"ClassicCanvasApp","appComponents":[]}}