{"schemaVersion":"1.0","appDefinitionTemplate":{"id":"/providers/Microsoft.PowerApps/apps/","type":"Microsoft.PowerApps/apps","tags":{"minimumRequiredApiVersion":"2.2.0","primaryDeviceWidth":"1366","primaryDeviceHeight":"768","sienaVersion":"20200729T214709Z-3.20071.23.0","deviceCapabilities":"","supportsPortrait":"false","supportsLandscape":"true","primaryFormFactor":"Tablet","publisherVersion":"3.20071.23","hasComponent":"false","hasUnlockedComponent":"false","isUnifiedRootApp":"false"},"properties":{"appVersion":"2020-07-29T21:47:09Z","lifeCycleId":"Published","createdByClientVersion":{"major":3,"minor":20071,"build":23,"revision":0,"majorRevision":0,"minorRevision":0},"minClientVersion":{"major":3,"minor":20071,"build":23,"revision":0,"majorRevision":0,"minorRevision":0},"backgroundColor":"rgba(1, 60, 96, 1)","backgroundImageUri":"/6610758551819426231/N71d09075-2c17-41b7-a0e3-dbe34639da32-logoSmallFile","displayName":"Which Tool When - MOCA","description":"","commitMessage":"","appUris":{"documentUri":{"value":"/6610758551819426231/N1662fefb-bc31-4d8c-85ee-0b5d95d10780-document.msapp","readonlyValue":"/6610758551819426231/N1662fefb-bc31-4d8c-85ee-0b5d95d10780-document.msapp"},"imageUris":[]},"createdTime":"0001-01-01T00:00:00Z","lastModifiedTime":"0001-01-01T00:00:00Z","sharedGroupsCount":0,"sharedUsersCount":0,"icons":{"smallIconUri":"/6610758551819426231/Nbb79caf6-d0df-4254-b62b-9ce7b611d157-small.png","mediumIconUri":"/6610758551819426231/Ne36430dd-4af8-4397-82e8-48974e3aeba3-medium.png","largeIconUri":"/6610758551819426231/N617f53f1-cf24-4086-b660-ae480df4c8f3-large.png","wideIconUri":"/6610758551819426231/N48611403-a448-45ce-a517-735253d57440-wide.png"},"connectionReferences":{},"databaseReferences":{},"almMode":"Environment","performanceOptimizationEnabled":true,"canConsumeAppPass":true},"isAppComponentLibrary":false,"appType":"ClassicCanvasApp","appComponents":[]}}